"Time (s)","Linear Acceleration x (m/s^2)","Linear Acceleration y (m/s^2)","Linear Acceleration z (m/s^2)","Absolute acceleration (m/s^2)"
8.111833245E-3,-3.929548189E-1,5.174259603E-1,-4.160422575E-1,7.715142735E-1
1.807183330E-2,-4.659418112E-1,6.886897373E-1,-5.024518257E-1,9.715210563E-1
2.803183324E-2,-5.706101874E-1,9.291798699E-1,-7.001549578E-1,1.295834936E0
3.799183329E-2,-6.831243575E-1,1.039912686E0,-1.010537444E0,1.602892138E0
4.795183334E-2,-8.540823251E-1,9.789578015E-1,-1.144852080E0,1.731618111E0
5.791183328E-2,-1.100013292E0,9.090683717E-1,-1.116942151E0,1.812179438E0
6.787183334E-2,-1.063961699E0,1.008474546E0,-9.481371278E-1,1.745852061E0
7.783183327E-2,-9.363275063E-1,1.004797232E0,-7.171036971E-1,1.549375484E0
8.779183333E-2,-1.020003794E0,9.981115258E-1,-5.423771989E-1,1.526698196E0
9.775183327E-2,-1.055194091E0,1.010658481E0,-2.663166994E-1,1.485190129E0
1.077118333E-1,-9.225944433E-1,7.796501935E-1,-2.008682299E-1,1.224492947E0
1.176718333E-1,-7.777977955E-1,8.730524468E-1,-4.009318829E-2,1.169956174E0
1.276318333E-1,-6.729627737E-1,1.152022521E0,1.778606057E-2,1.334297990E0
1.375918332E-1,-7.868603951E-1,1.326830880E0,-5.842420936E-2,1.543710742E0
1.475528333E-1,-7.801745425E-1,1.182971249E0,-2.756336528E-1,1.443629870E0
1.575128332E-1,-3.933598848E-1,7.716190428E-1,-4.511775917E-1,9.765701026E-1
1.674728333E-1,-4.647307067E-1,7.062758231E-1,3.508306003E-1,9.153590979E-1
1.774328332E-1,-3.477551110E-1,5.384803221E-1,4.286856920E-1,7.711459635E-1
1.873928333E-1,-5.020347731E-1,1.932232878E-1,4.440410650E-1,6.975289383E-1
1.973528333E-1,-6.487739389E-1,-7.517443568E-2,6.636157072E-1,9.310986126E-1
2.073128333E-1,-6.632160500E-1,-4.240201986E-1,9.386921203E-1,1.225067980E0
2.172728333E-1,-3.981363656E-1,-9.781862614E-1,9.982694006E-1,1.453238702E0
2.272328333E-1,-9.341168202E-2,-1.279660807E0,1.017978026E0,1.637845165E0
2.371928333E-1,1.223044374E-1,-1.302974533E0,6.420675480E-1,1.457721422E0
2.471528333E-1,3.689869723E-1,-1.309027570E0,-1.885282660E-1,1.373043143E0
2.571128333E-1,5.936158746E-1,-1.198763409E0,-7.954365063E-1,1.556320260E0
2.670728333E-1,1.046728639E0,-8.069137135E-1,-1.436217667E0,1.951786815E0
2.770328333E-1,1.282913759E0,-9.506850520E-1,-1.949026666E0,2.519598128E0
2.869928333E-1,1.530411341E0,-9.000715533E-1,-1.888544821E0,2.592082023E0
2.969528333E-1,1.219558739E0,-9.661497679E-1,-1.414517480E0,2.102766890E0
3.069128332E-1,6.907114121E-1,-1.354585274E0,-3.993127888E-1,1.572079585E0
3.168728333E-1,7.754410753E-1,-1.300345040E0,1.259701336E0,1.969531299E0
3.268328334E-1,5.223708044E-1,-1.043710745E0,4.254007262E-1,1.242243597E0
3.367928333E-1,6.778131853E-1,-1.183040830E0,-1.131644390E0,1.771901618E0
3.467528333E-1,9.427634635E-1,-8.945433033E-1,-1.169654800E0,1.748457326E0
3.567128333E-1,1.112605125E0,-8.514019614E-1,-1.499851161E0,2.052395909E0
3.666728333E-1,1.430836620E0,-9.047227210E-1,-1.233114631E0,2.094370629E0
3.766328333E-1,1.358947443E0,-6.778814515E-1,-4.484966433E-1,1.583480551E0
3.865938333E-1,1.414817150E0,2.149699599E-2,3.574022859E-1,1.459419776E0
3.965538333E-1,1.856109146E0,6.754940334E-1,1.058309780E0,2.240859867E0
4.065138333E-1,2.557736141E0,1.102436086E0,1.619724929E0,3.221938599E0
4.164738333E-1,2.974077483E0,1.892767973E0,7.600234294E-1,3.606292152E0
4.264338333E-1,3.938277205E0,2.981187113E0,2.867350595E0,5.711322385E0
4.363938333E-1,4.876373202E0,3.564571128E0,5.795220457E0,8.370768368E0
4.463538333E-1,4.501697071E0,3.432935978E0,7.104960510E0,9.084645827E0
4.563138332E-1,3.883407226E0,2.823094189E0,7.944307852E0,9.282388686E0
4.662738333E-1,3.339245749E0,2.315176971E0,8.138633632E0,9.096590789E0
4.762338332E-1,2.742233629E0,2.053509393E0,7.964020570E0,8.669623391E0
4.861938333E-1,1.961166216E0,1.874924025E0,7.173574662E0,7.669529742E0
4.961538333E-1,1.091978633E0,1.420085784E0,5.559138540E0,5.840640571E0
5.061138333E-1,3.189669295E-1,6.851281983E-1,4.120593097E0,4.189323098E0
5.160743333E-1,-8.612537889E-1,-1.182558435E-1,2.852996265E0,2.982504019E0
5.260343333E-1,-2.283782685E0,-8.146487027E-1,1.117798768E0,2.669979391E0
5.359943333E-1,-3.427320312E0,-1.510141675E0,-9.849447656E-1,3.872617795E0
5.459543333E-1,-4.420790025E0,-2.303531072E0,-3.011408447E0,5.823935154E0
5.559143333E-1,-5.045927253E0,-3.150298822E0,-4.711016282E0,7.588111683E0
5.658743333E-1,-5.462829051E0,-3.693751616E0,-5.784809489E0,8.772133325E0
5.758343333E-1,-5.623371373E0,-3.773019395E0,-6.452952695E0,9.354067535E0
5.857943333E-1,-5.389692078E0,-3.745019126E0,-7.267620694E0,9.792459318E0
5.957543333E-1,-5.069434229E0,-3.918760076E0,-8.090476549E0,1.032044838E1
6.057143332E-1,-4.764216589E0,-4.163906639E0,-8.664440407E0,1.072885855E1
6.156753333E-1,-4.141141382E0,-4.037599472E0,-9.030801212E0,1.072411451E1
6.256353332E-1,-3.200558857E0,-3.609750809E0,-9.488214274E0,1.064425141E1
6.355953333E-1,-2.320371637E0,-3.196963696E0,-9.869868472E0,1.063103970E1
6.455553334E-1,-1.483623383E0,-2.989819650E0,-1.004328052E1,1.058336635E1
6.555153333E-1,-4.978981604E-1,-2.720612672E0,-9.708511632E0,1.009479242E1
6.654753333E-1,2.440571534E-1,-2.270453373E0,-9.068304083E0,9.351398899E0
6.754353333E-1,1.006925180E0,-1.806005525E0,-8.476008620E0,8.724578866E0
6.853953333E-1,2.111759501E0,-1.313866726E0,-8.095515094E0,8.468951447E0
6.953553333E-1,3.058353987E0,-8.759702075E-1,-7.582870987E0,8.223185838E0
7.053153333E-1,3.948999537E0,-5.131811741E-1,-6.887707797E0,7.956033620E0
7.152753333E-1,5.258843086E0,-4.449248716E-2,-5.857359402E0,7.871852981E0
7.252353333E-1,6.327760885E0,4.493765031E-1,-4.312872936E0,7.670943229E0
7.351953333E-1,7.336940605E0,8.131019680E-1,-2.309287071E0,7.734638907E0
7.451553333E-1,8.168149792E0,1.191159909E0,-9.748419464E-2,8.255121811E0
7.551153332E-1,8.541924282E0,1.459381119E0,1.873432692E0,8.865890465E0
7.650753333E-1,8.712661225E0,1.567978240E0,3.637576246E0,9.570840210E0
7.750353332E-1,8.979973705E0,1.546274837E0,5.125686198E0,1.045483394E1
7.849953333E-1,8.951655055E0,1.312058474E0,6.467516356E0,1.112125863E1
7.949553333E-1,8.320686691E0,7.112048797E-1,8.238525125E0,1.173085400E1
8.049153333E-1,7.189047564E0,-1.070394952E-1,1.050545847E1,1.273022074E1
8.148763333E-1,5.907117453E0,-9.166696058E-1,1.266774947E1,1.400736222E1
8.248363333E-1,4.368821727E0,-1.721884265E0,1.422829999E1,1.498319089E1
8.347963333E-1,2.642539771E0,-2.580945202E0,1.488159068E1,1.533316783E1
8.447563333E-1,8.980539715E-1,-3.447206107E0,1.477143616E1,1.519490234E1
8.547163333E-1,-6.397564360E-1,-4.322882785E0,1.416695217E1,1.482562436E1
8.646763333E-1,-2.045577937E0,-5.228007794E0,1.344075255E1,1.456606617E1
8.746363333E-1,-3.434117408E0,-5.980858444E0,1.297118721E1,1.469066125E1
8.845963333E-1,-4.712956680E0,-6.584135563E0,1.247236943E1,1.487019842E1
8.945563333E-1,-5.890154096E0,-7.039042509E0,1.171693841E1,1.488383957E1
9.045163332E-1,-6.877765777E0,-7.359037818E0,1.064363286E1,1.465421510E1
9.144763333E-1,-7.584888276E0,-7.543795214E0,9.172880951E0,1.409188140E1
9.244363332E-1,-8.013888549E0,-7.639169734E0,7.285596204E0,1.325364991E1
9.343963333E-1,-8.187010571E0,-7.634756255E0,5.232686151E0,1.235708904E1
9.443563333E-1,-8.040240195E0,-7.517036601E0,3.024122633E0,1.141475446E1
9.543163333E-1,-7.651678097E0,-7.249251081E0,7.611361545E-1,1.056783550E1
9.642763333E-1,-7.489706131E0,-6.947675672E0,-1.141563022E0,1.027954577E1
9.742363333E-1,-7.434524202E0,-6.702381467E0,-2.830228962E0,1.040212783E1
9.841963333E-1,-7.089814467E0,-6.414307863E0,-4.128059991E0,1.041391827E1
9.941563333E-1,-6.994373290E0,-6.237841233E0,-5.201743855E0,1.071867810E1
1.004117333E0,-7.092626393E0,-6.167466484E0,-6.137101309E0,1.122528416E1
1.014077333E0,-7.065622197E0,-6.083943686E0,-6.926449694E0,1.161520956E1
1.024037333E0,-6.975175712E0,-5.917433111E0,-7.815272081E0,1.203110837E1
1.033997333E0,-6.744382601E0,-5.779285040E0,-8.725181867E0,1.245052733E1
1.043957333E0,-6.000821423E0,-5.528831837E0,-9.649944751E0,1.263721777E1
1.053917333E0,-4.993999300E0,-5.116255808E0,-1.065064484E1,1.282779552E1
1.063877333E0,-3.951489281E0,-4.575623711E0,-1.166510167E1,1.313869084E1
1.073837333E0,-2.785890987E0,-3.947741216E0,-1.257405836E1,1.347044145E1
1.083797333E0,-1.404170978E0,-3.331953394E0,-1.313935548E1,1.362777575E1
1.093757333E0,-2.799978684E-1,-2.675877379E0,-1.295660075E1,1.323299745E1
1.103717333E0,5.286738105E-1,-2.060359698E0,-1.222762721E1,1.241126284E1
1.113677333E0,1.216625337E0,-1.429465887E0,-1.155191361E1,1.170342933E1
1.123637333E0,2.184062369E0,-8.327823803E-1,-1.111716377E1,1.136023702E1
1.133597333E0,3.625146820E0,-2.814007616E-1,-1.052746038E1,1.113769715E1
1.143557333E0,5.145633389E0,1.447972324E-1,-9.548462230E0,1.084765598E1
1.153517333E0,6.474057051E0,4.898130691E-1,-8.182807592E0,1.044565324E1
1.163477333E0,7.549665819E0,6.745267577E-1,-6.498713005E0,9.984273186E0
1.173437333E0,8.536503328E0,8.836095947E-1,-4.542873749E0,9.710322182E0
1.183398333E0,9.798677452E0,1.281103169E0,-2.594052320E0,1.021686902E1
1.193358333E0,1.120387330E1,1.965993093E0,-9.252674979E-1,1.141262572E1
1.203318333E0,1.210672784E1,2.375741700E0,6.193435138E-1,1.235316129E1
1.213278333E0,1.244975591E1,2.465115952E0,2.581963786E0,1.295143837E1
1.223238333E0,1.270081664E1,2.545672750E0,4.816012979E0,1.381973857E1
1.233198333E0,1.288638271E1,2.472280838E0,6.998087441E0,1.487091993E1
1.243158333E0,1.290623050E1,2.306623956E0,9.251931213E0,1.604648033E1
1.253118333E0,1.241834233E1,2.201891553E0,1.152054914E1,1.708176236E1
1.263078333E0,1.131594337E1,2.016330457E0,1.317866748E1,1.748695055E1
1.273038333E0,9.940033890E0,1.659246990E0,1.396016890E1,1.721754018E1
1.282998333E0,8.336997499E0,1.271771012E0,1.431809568E1,1.661718366E1
1.292958333E0,6.604824767E0,6.242015999E-1,1.428099042E1,1.574674649E1
1.302918333E0,4.756462011E0,-3.850797158E-1,1.380639531E1,1.460783245E1
1.312878333E0,2.917027370E0,-1.501238413E0,1.325314463E1,1.365315378E1
1.322838333E0,1.027984951E0,-2.723790633E0,1.280347270E1,1.313029709E1
1.332798333E0,-8.966088322E-1,-3.824667851E0,1.233122350E1,1.294183389E1
1.342758333E0,-2.662001936E0,-4.737826350E0,1.177840200E1,1.297166167E1
1.352718333E0,-4.307774749E0,-5.604439259E0,1.095143965E1,1.303459600E1
1.362679333E0,-5.988403106E0,-6.466928126E0,9.487930099E0,1.295001732E1
1.372639333E0,-7.713677294E0,-7.377389304E0,7.407267407E0,1.299208608E1
1.382599333E0,-9.053386082E0,-8.010257428E0,5.327478873E0,1.321022539E1
1.392559333E0,-9.950687517E0,-8.333562845E0,3.608289882E0,1.347160746E1
1.402519333E0,-1.038774350E1,-8.438824421E0,2.068122169E0,1.354238169E1
1.412479333E0,-1.058230960E1,-8.400418739E0,7.979303437E-1,1.353473325E1
1.422439333E0,-1.055344073E1,-8.422665056E0,-3.929656363E-1,1.350817603E1
1.432399333E0,-1.026120507E1,-8.378856547E0,-1.795558305E0,1.336867967E1
1.442359333E0,-9.776649236E0,-8.342279874E0,-3.418567615E0,1.329898900E1
1.452319333E0,-9.134611509E0,-8.264182708E0,-5.067654337E0,1.331987101E1
1.462279333E0,-8.562242187E0,-7.988578291E0,-6.539366941E0,1.341240822E1
1.472239333E0,-7.779427480E0,-7.482536860E0,-8.007130337E0,1.343956792E1
1.482199333E0,-6.517483737E0,-6.674872656E0,-9.518782933E0,1.332811869E1
1.492159333E0,-5.397673527E0,-5.796264185E0,-1.035483303E1,1.303664547E1
1.502119333E0,-4.307520687E0,-4.904966379E0,-1.087808983E1,1.268646003E1
1.512079333E0,-3.414530405E0,-4.217635534E0,-1.102901933E1,1.229173441E1
1.522039333E0,-2.785702999E0,-3.666794198E0,-1.080011020E1,1.174086458E1
1.531999333E0,-2.196166837E0,-3.037658060E0,-1.040019924E1,1.105507392E1
1.541959333E0,-1.413081989E0,-2.347026755E0,-9.984213113E0,1.035325296E1
1.551920333E0,-3.269751298E-1,-1.583225439E0,-9.787958921E0,9.920567290E0
1.561880333E0,9.158166432E-1,-9.524336618E-1,-1.005244193E1,1.013890718E1
1.571840333E0,2.354825478E0,-3.822786802E-1,-1.048541188E1,1.075338097E1
1.581800333E0,4.023635736E0,3.461484423E-1,-1.058528232E1,1.132950419E1
1.591760333E0,5.881130673E0,1.051729032E0,-1.042070542E1,1.201186636E1
1.601720333E0,7.674061239E0,1.735622883E0,-9.596476641E0,1.240951114E1
1.611680333E0,9.127340496E0,2.355152338E0,-7.788659649E0,1.222776783E1
1.621640333E0,1.046906891E1,2.818826306E0,-5.546857633E0,1.217845701E1
1.631600333E0,1.162889337E1,3.098307427E0,-2.958161947E0,1.239279598E1
1.641560333E0,1.259146084E1,3.190059596E0,-4.068802553E-1,1.299564996E1
1.651520333E0,1.367617080E1,3.157297355E0,1.969174417E0,1.417334902E1
1.661480333E0,1.435267728E1,3.042439620E0,4.447146642E0,1.533078267E1
1.671440333E0,1.407376860E1,2.906620203E0,6.810271366E0,1.590280478E1
1.681400333E0,1.301119737E1,2.559535914E0,8.505579743E0,1.575396356E1
1.691360333E0,1.166561857E1,2.230216781E0,9.422216166E0,1.516043142E1
1.701320333E0,1.023362960E1,1.844000878E0,1.013534142E1,1.452076650E1
1.711280333E0,8.625576888E0,1.322043765E0,1.070237165E1,1.380902369E1
1.721240333E0,6.858015636E0,7.104649877E-1,1.124803381E1,1.319300586E1
1.731200333E0,5.092498571E0,7.465542220E-3,1.198657691E1,1.302350273E1
1.741161333E0,3.438396692E0,-8.199481805E-1,1.268795744E1,1.317114843E1
1.751121333E0,1.965106216E0,-1.640754147E0,1.326940223E1,1.351409457E1
1.761081333E0,5.763316879E-1,-2.514002184E0,1.358074074E1,1.382349030E1
1.771041333E0,-9.233732924E-1,-3.536841584E0,1.327033311E1,1.376457800E1
1.781001333E0,-2.337680857E0,-4.589860219E0,1.261305695E1,1.362427151E1
1.790961333E0,-3.626140554E0,-5.542541218E0,1.171509186E1,1.345778718E1
1.800921333E0,-5.051270438E0,-6.451013174E0,1.031161977E1,1.317043683E1
1.810881333E0,-6.469181643E0,-7.156030092E0,8.654308936E0,1.295978939E1
1.820841333E0,-7.512253579E0,-7.570200655E0,6.968889370E0,1.273998865E1
1.830801333E0,-8.151729641E0,-7.722924081E0,5.184814412E0,1.236836905E1
1.840761333E0,-8.414822770E0,-7.700250918E0,3.382469829E0,1.189723533E1
1.850721333E0,-8.380383840E0,-7.574110104E0,1.417056926E0,1.138446430E1
1.860681333E0,-8.241779686E0,-7.353366019E0,-4.862819356E-1,1.105601168E1
1.870641333E0,-8.086169490E0,-7.108502169E0,-2.010435879E0,1.095257013E1
1.880601333E0,-7.890587143E0,-6.858793316E0,-3.390051913E0,1.099076263E1
1.890561333E0,-7.700657299E0,-6.594031391E0,-4.564627145E0,1.111832693E1
1.900521333E0,-7.415967479E0,-6.339268205E0,-5.429109913E0,1.116504050E1
1.910481333E0,-7.031131226E0,-6.020750488E0,-6.294070982E0,1.119381849E1
1.920441333E0,-6.581234175E0,-5.642644966E0,-7.169327829E0,1.124950430E1
1.930401333E0,-6.121783358E0,-5.255735875E0,-7.931756219E0,1.131422767E1
1.940362333E0,-5.569049571E0,-4.893793811E0,-8.575261012E0,1.133572373E1
1.950322333E0,-4.936176184E0,-4.562196165E0,-9.193315800E0,1.138843820E1
1.960282333E0,-4.055201930E0,-4.140700794E0,-9.622273972E0,1.123290800E1
1.970242333E0,-2.962222254E0,-3.615354488E0,-9.945959458E0,1.098943394E1
1.980202333E0,-1.932876948E0,-3.104035360E0,-1.027138508E1,1.090286202E1
1.990162333E0,-1.049676659E0,-2.559659582E0,-1.050383061E1,1.086205025E1
2.000122333E0,-1.948555380E-1,-2.056506091E0,-1.062202038E1,1.082102134E1
2.010082333E0,6.030865002E-1,-1.623640517E0,-1.043266766E1,1.057546577E1
2.020042333E0,1.707705059E0,-1.099599894E0,-9.990716386E0,1.019508658E1
2.030002333E0,3.220448161E0,-4.949793765E-1,-9.541648470E0,1.008262597E1
2.039962333E0,4.738594382E0,1.648941126E-1,-9.010616623E0,1.018197813E1
2.049922333E0,6.255664716E0,6.744190228E-1,-8.131111774E0,1.028120425E1
2.059882333E0,7.645403450E0,1.043440603E0,-6.665120670E0,1.019631285E1
2.069842333E0,9.093847060E0,1.355171603E0,-4.637656530E0,1.029768918E1
2.079802333E0,1.054177904E1,1.664742496E0,-2.549515833E0,1.097271634E1
2.089762333E0,1.188424596E1,2.044422381E0,-3.619730544E-1,1.206424425E1
2.099722333E0,1.271301861E1,2.384794067E0,1.880812463E0,1.307078959E1
2.109682333E0,1.296637963E1,2.664646339E0,3.581029578E0,1.371317300E1
2.119642333E0,1.277289878E1,2.971440974E0,4.727784927E0,1.394017055E1
2.129602333E0,1.206577745E1,3.162214571E0,5.813025228E0,1.376131711E1
2.139562333E0,1.118239414E1,3.248331193E0,6.768669012E0,1.346894481E1
2.149522333E0,1.011720452E1,3.215119593E0,7.523825803E0,1.301164002E1
2.159483333E0,8.820680348E0,3.067165157E0,8.486884441E0,1.261899803E1
2.169443333E0,7.480090384E0,2.720377321E0,9.349097904E0,1.227834828E1
2.179403333E0,6.218290483E0,2.173349247E0,1.022686671E1,1.216467781E1
2.189363333E0,5.109787619E0,1.417253977E0,1.124242049E1,1.243022754E1
2.199323333E0,3.918665351E0,2.988011983E-1,1.223961166E1,1.285508903E1
2.209283333E0,2.328193458E0,-1.019422726E0,1.294706160E1,1.319416961E1
2.219243333E0,4.997065580E-1,-2.347334026E0,1.318862996E1,1.340520958E1
2.229203333E0,-1.430342969E0,-3.700735531E0,1.289008867E1,1.348687178E1
2.239163333E0,-3.241907442E0,-4.916796758E0,1.202544335E1,1.339015093E1
2.249123333E0,-4.862238142E0,-5.888540264E0,1.076035965E1,1.319475677E1
2.259083333E0,-6.418023183E0,-6.680756709E0,9.219217211E0,1.306971682E1
2.269043333E0,-7.768525347E0,-7.184200222E0,7.551399518E0,1.299947513E1
2.279003333E0,-8.917853470E0,-7.489350035E0,5.841492398E0,1.302848832E1
2.288963333E0,-9.596753799E0,-7.527323023E0,4.097534017E0,1.286654812E1
2.298923333E0,-9.661064401E0,-7.354755902E0,2.555190555E0,1.240796512E1
2.308883333E0,-9.242509010E0,-7.119584981E0,1.142226681E0,1.172250591E1
2.318843333E0,-8.813554931E0,-6.892865626E0,-1.478819311E-2,1.118885900E1
2.328803333E0,-8.256826326E0,-6.742181709E0,-1.058357728E0,1.071225076E1
2.338763333E0,-7.658072028E0,-6.523636762E0,-2.317216480E0,1.032343916E1
2.348723333E0,-7.174359943E0,-6.344674541E0,-3.614043542E0,1.023658372E1
2.358683333E0,-6.799290880E0,-6.145468090E0,-4.671839937E0,1.028704150E1
2.368643333E0,-6.462761400E0,-5.896967856E0,-5.567811130E0,1.037024761E1
2.378603333E0,-6.083805692E0,-5.615027397E0,-6.367659361E0,1.044453494E1
2.388564333E0,-5.552917687E0,-5.306231260E0,-7.022897177E0,1.040730848E1
2.398524333E0,-4.884962761E0,-4.993604028E0,-7.674575209E0,1.037776696E1
2.408484333E0,-4.214004121E0,-4.657235346E0,-8.310885004E0,1.041722042E1
2.418444333E0,-3.417106395E0,-4.401724886E0,-8.858810626E0,1.046567359E1
2.428404333E0,-2.348754022E0,-3.982831234E0,-9.334926007E0,1.041731413E1
2.438364333E0,-1.171765352E0,-3.431656607E0,-9.616045518E0,1.027704396E1
2.448324333E0,-2.891035911E-1,-2.933585807E0,-9.849620733E0,1.028127109E1
2.458284333E0,3.520292795E-1,-2.382299206E0,-1.001306211E1,1.029857693E1
2.468244333E0,1.065375848E0,-1.813576500E0,-9.893412870E0,1.011452933E1
2.478204333E0,2.055681049E0,-1.190234075E0,-9.612924274E0,9.902060131E0
2.488164333E0,3.344465851E0,-4.403622892E-1,-9.149952264E0,9.751974016E0
2.498124333E0,4.779286033E0,3.932781699E-1,-8.393996742E0,9.667234559E0
2.508084333E0,6.470423591E0,1.182672456E0,-7.542005382E0,1.000734434E1
2.518044083E0,8.253399857E0,1.917115194E0,-6.543245400E0,1.070551261E1
2.528004083E0,9.749301224E0,2.434135504E0,-5.357012574E0,1.138733831E1
2.537964083E0,1.087305421E1,2.825068794E0,-4.010930906E0,1.192861636E1
2.547924083E0,1.185586357E1,3.027702298E0,-2.263273576E0,1.244390974E1
2.557884083E0,1.256369008E1,3.170799453E0,-2.283407879E-1,1.295964572E1
2.567844083E0,1.278602695E1,3.221376699E0,1.897296934E0,1.332139214E1
2.577804083E0,1.268433100E1,3.132830265E0,3.752292770E0,1.359362275E1
2.587764083E0,1.201027217E1,2.928608365E0,5.359095937E0,1.347380027E1
2.597724083E0,1.089628754E1,2.761362795E0,6.696618451E0,1.308429995E1
2.607684083E0,9.596826890E0,2.590578489E0,7.496099476E0,1.244996749E1
2.617644083E0,8.115225474E0,2.230092820E0,7.791441754E0,1.146894778E1
2.627605083E0,6.493724746E0,1.842270980E0,7.947810334E0,1.042737323E1
2.637565083E0,5.079480330E0,1.367789895E0,8.448690428E0,9.952504186E0
2.647525083E0,3.931007654E0,7.779474112E-1,9.240799284E0,1.007225867E1
2.657485083E0,2.982383453E0,1.648843917E-1,1.025267866E1,1.067891463E1
2.667445083E0,2.189355123E0,-5.814862277E-1,1.121492922E1,1.144141772E1
2.677405083E0,1.216823704E0,-1.369204775E0,1.174751584E1,1.188947055E1
2.687365083E0,5.663028359E-3,-2.233186436E0,1.183570939E1,1.204454941E1
2.697325083E0,-1.427396557E0,-3.162567742E0,1.146110752E1,1.197481863E1
2.707285083E0,-2.808358329E0,-4.038660741E0,1.057495614E1,1.166307654E1
2.717245083E0,-3.988536947E0,-4.732263309E0,9.469681524E0,1.131271900E1
2.727205083E0,-4.911915502E0,-5.280752603E0,8.223484333E0,1.093795943E1
2.737165083E0,-5.516414689E0,-5.721768318E0,6.843363099E0,1.048814007E1
2.747125083E0,-6.076877911E0,-5.983363391E0,5.461425719E0,1.012700615E1
2.757085083E0,-6.812193346E0,-6.289373914E0,4.056316409E0,1.012007437E1
2.767045083E0,-7.452980939E0,-6.467351464E0,2.832438625E0,1.026626847E1
2.777005083E0,-7.828938194E0,-6.508646840E0,1.744454809E0,1.032946656E1
2.786965083E0,-7.819385598E0,-6.434709967E0,7.133100235E-1,1.015170403E1
2.796925083E0,-7.676863809E0,-6.323243326E0,-3.551002371E-1,9.952072160E0
2.806885083E0,-7.549559399E0,-6.240359044E0,-1.484149632E0,9.906595190E0
2.816845083E0,-7.340139617E0,-6.072334625E0,-2.654840559E0,9.889341524E0
2.826805083E0,-7.169224334E0,-5.891917616E0,-3.634349168E0,9.965990398E0
2.836765083E0,-6.937488652E0,-5.754712701E0,-4.437126853E0,1.004656965E1
2.846725083E0,-6.545989498E0,-5.454075184E0,-5.219674342E0,9.992092617E0
2.856685083E0,-6.110163186E0,-5.138331386E0,-6.092137390E0,1.004244400E1
2.866645083E0,-5.626982614E0,-4.841827267E0,-6.919899058E0,1.014845937E1
2.876606083E0,-5.113464348E0,-4.594184820E0,-7.404787602E0,1.010370879E1
2.886566083E0,-4.502181513E0,-4.383185412E0,-7.677496478E0,9.920983061E0
2.896526083E0,-3.790814812E0,-4.155436362E0,-7.879814233E0,9.681394561E0
2.906486083E0,-2.894310060E0,-3.853804235E0,-8.001552093E0,9.340967493E0
2.916446083E0,-1.940548203E0,-3.465553208E0,-8.139847514E0,9.057201771E0
2.926406083E0,-1.153368550E0,-3.079120958E0,-8.153216588E0,8.791256202E0
2.936366083E0,-3.693437621E-1,-2.624473629E0,-8.037697241E0,8.463383105E0
2.946326083E0,7.044748807E-1,-1.909330503E0,-7.961807984E0,8.217798622E0
2.956286083E0,2.223112853E0,-1.054446817E0,-8.172129407E0,8.534505720E0
2.966246083E0,4.093774842E0,-2.304302904E-1,-8.553245661E0,9.485257082E0
2.976206083E0,5.739952574E0,4.919695222E-1,-8.597534226E0,1.034923593E1
2.986166083E0,7.042101772E0,9.714555314E-1,-8.213479747E0,1.086260433E1
2.996126083E0,8.025757227E0,1.104909750E0,-7.578213095E0,1.109337272E1
3.006086083E0,8.680782205E0,1.126018491E0,-6.444254377E0,1.086978895E1
3.016046083E0,9.170033941E0,1.213981664E0,-4.921241811E0,1.047768557E1
3.026006083E0,9.827781383E0,1.807364126E0,-3.440980577E0,1.056845302E1
3.035966083E0,1.104194870E1,2.550554883E0,-1.989812749E0,1.150605562E1
3.045926083E0,1.181431794E1,3.019265935E0,-7.558526105E-1,1.221742151E1
3.055886083E0,1.220327472E1,3.391524827E0,1.797521800E-1,1.266707012E1
3.065846083E0,1.228462353E1,3.600453444E0,1.244670483E0,1.286174346E1
3.075806083E0,1.215190810E1,3.602389164E0,2.411242046E0,1.290194429E1
3.085766083E0,1.195506626E1,3.282285975E0,3.607432095E0,1.291164501E1
3.095726083E0,1.127885682E1,2.708568285E0,4.907680364E0,1.259501012E1
3.105686083E0,9.907896423E0,1.889428628E0,6.665460393E0,1.208985998E1
3.115646083E0,8.153618876E0,7.902308764E-1,8.737319518E0,1.197692440E1
3.125606083E0,6.190167714E0,-2.499789941E-1,1.066532720E1,1.233409381E1
3.135567083E0,4.294749199E0,-1.192925987E0,1.213071078E1,1.292370253E1
3.145527083E0,2.611066841E0,-2.015566518E0,1.296726490E1,1.338021440E1
3.155487083E0,9.908139083E-1,-2.739433105E0,1.307933498E1,1.339982124E1
3.165447083E0,-4.870908979E-1,-3.380640820E0,1.258872084E1,1.304384461E1
3.175407083E0,-1.780675387E0,-3.914958509E0,1.180938055E1,1.256818101E1
3.185367083E0,-2.994161500E0,-4.260254720E0,1.103490748E1,1.220180136E1
3.195327083E0,-4.055710638E0,-4.559671337E0,1.012062748E1,1.181805788E1
3.205287083E0,-5.140618232E0,-4.925086355E0,9.021167924E0,1.149190594E1
3.215247083E0,-6.172451820E0,-5.255841125E0,7.850640135E0,1.128519286E1
3.225207083E0,-7.033024555E0,-5.469159247E0,6.771603729E0,1.119061010E1
3.235167083E0,-7.596456993E0,-5.615601009E0,5.671568218E0,1.101852166E1
3.245127083E0,-7.824723521E0,-5.636756235E0,4.509408379E0,1.064584816E1
3.255087083E0,-7.818520795E0,-5.609499439E0,3.275992032E0,1.016503198E1
3.265047083E0,-7.775419214E0,-5.602086339E0,1.976871691E0,9.785118138E0
3.275007083E0,-7.682956608E0,-5.560347744E0,6.828308272E-1,9.508498684E0
3.284967083E0,-7.452739449E0,-5.444561180E0,-4.615441203E-1,9.241190113E0
3.294927083E0,-7.063259922E0,-5.333892099E0,-1.584315945E0,8.991668514E0
3.304887083E0,-6.571467571E0,-5.107537610E0,-2.741463550E0,8.762804852E0
3.314847083E0,-6.272819277E0,-4.916993809E0,-3.717023535E0,8.794393314E0
3.324807083E0,-6.133840901E0,-4.800983588E0,-4.420572801E0,8.956277771E0
3.334767083E0,-5.999040946E0,-4.735426653E0,-4.948617305E0,9.105029988E0
3.344727083E0,-5.779270422E0,-4.656686293E0,-5.386933946E0,9.170809734E0
3.354687083E0,-5.481759412E0,-4.562813923E0,-5.890542936E0,9.250267738E0
3.364647083E0,-5.059004551E0,-4.490581807E0,-6.513598262E0,9.390730234E0
3.374607083E0,-4.673804309E0,-4.471607884E0,-6.934829924E0,9.483226764E0
3.384567083E0,-4.239861970E0,-4.422699726E0,-7.215520833E0,9.465751068E0
3.394527083E0,-3.719734596E0,-4.283523422E0,-7.687399322E0,9.554114648E0
3.404487083E0,-3.289152068E0,-4.156568383E0,-8.251800644E0,9.807537709E0
3.414448083E0,-3.033653887E0,-4.136257787E0,-8.617778456E0,1.002884789E1
3.424408083E0,-2.850879866E0,-4.269005370E0,-8.870735437E0,1.024899361E1
3.434368083E0,-2.330704837E0,-4.217727043E0,-8.943024564E0,1.015869553E1
3.444328083E0,-1.014278785E0,-3.749919678E0,-8.908286256E0,9.718447565E0
3.454288083E0,1.147352642E0,-2.908174978E0,-8.928650354E0,9.460163684E0
3.464248083E0,3.816912397E0,-1.785017529E0,-8.910493580E0,9.856571598E0
3.474208083E0,6.850269245E0,-5.045533150E-1,-9.016480796E0,1.133479990E1
3.484168083E0,9.645983847E0,7.115684304E-1,-8.866948196E0,1.312151303E1
3.494128083E0,1.187282167E1,1.780426880E0,-7.971538335E0,1.441108038E1
3.504088083E0,1.350593848E1,2.766114534E0,-6.625006431E0,1.529550502E1
3.514048083E0,1.444676717E1,3.551294147E0,-4.799520907E0,1.563189600E1
3.524008458E0,1.492443440E1,4.108806279E0,-2.769750041E0,1.572553804E1
3.533968458E0,1.508565032E1,4.536464323E0,-8.855485314E-1,1.577784999E1
3.543928458E0,1.487005997E1,4.666425415E0,6.532246202E-1,1.559874713E1
3.553888458E0,1.423044475E1,4.407515092E0,1.774786071E0,1.500272017E1
3.563848458E0,1.324164199E1,4.086793267E0,2.814232149E0,1.414082262E1
3.573808458E0,1.203683373E1,3.621595806E0,4.179230145E0,1.324640657E1
3.583768458E0,1.044528712E1,2.860803760E0,5.718319046E0,1.224693406E1
3.593728458E0,8.532682757E0,1.842821203E0,7.281109051E0,1.136737498E1
3.603688458E0,6.456427696E0,6.313997416E-1,8.785744404E0,1.092123752E1
3.613648458E0,4.456755372E0,-5.117373504E-1,1.022968273E1,1.117009187E1
3.623608458E0,2.547454104E0,-1.520177690E0,1.145726473E1,1.183509095E1
3.633568458E0,8.340725684E-1,-2.324544064E0,1.235983275E1,1.260415201E1
3.643528458E0,-6.971720007E-1,-3.053394379E0,1.287193658E1,1.324749098E1
3.653488458E0,-1.921012363E0,-3.665076579E0,1.288369416E1,1.353191228E1
3.663448458E0,-2.868131491E0,-4.117692293E0,1.264610541E1,1.360535006E1
3.673408458E0,-3.781083875E0,-4.614503894E0,1.221858156E1,1.359720475E1
3.683368458E0,-4.585067257E0,-5.182607673E0,1.148696391E1,1.341016793E1
3.693329458E0,-5.303357939E0,-5.727047185E0,1.056530239E1,1.313583988E1
3.703289458E0,-6.057504331E0,-6.190201628E0,9.434460236E0,1.280706816E1
3.713249458E0,-6.605579057E0,-6.495885876E0,8.181217734E0,1.235971406E1
3.723209458E0,-6.982666579E0,-6.685429219E0,6.739338793E0,1.178436607E1
3.733169458E0,-7.316612760E0,-6.793782803E0,4.826545569E0,1.108980835E1
3.743129458E0,-7.617416922E0,-6.872496850E0,2.671620314E0,1.060159463E1
3.753089458E0,-7.755205389E0,-6.785955720E0,7.824995416E-1,1.033463648E1
3.763049458E0,-7.561128700E0,-6.540790154E0,-8.888861221E-1,1.003706738E1
3.773009458E0,-7.228280042E0,-6.174294863E0,-2.419022352E0,9.809261876E0
3.782969458E0,-7.001035607E0,-5.873461465E0,-3.626149617E0,9.831633140E0
3.792929458E0,-6.755829695E0,-5.599263888E0,-4.626952617E0,9.919762168E0
3.802889458E0,-6.710902614E0,-5.343679168E0,-5.398469918E0,1.013580773E1
3.812849458E0,-6.716172709E0,-5.235125610E0,-5.985516921E0,1.040864683E1
3.822809458E0,-6.629596496E0,-5.062568429E0,-6.499221713E0,1.057454640E1
3.832769458E0,-6.386917166E0,-4.892684010E0,-7.021453500E0,1.067857092E1
3.842729458E0,-6.104041736E0,-4.724999313E0,-7.622940202E0,1.084869399E1
3.852689458E0,-5.735003491E0,-4.414694595E0,-8.286170577E0,1.100183695E1
3.862649458E0,-5.076480124E0,-4.013006083E0,-8.993290154E0,1.107944656E1
3.872609458E0,-4.146945620E0,-3.541558533E0,-9.681254836E0,1.111154760E1
3.882569458E0,-2.935368623E0,-2.972284727E0,-1.048184976E1,1.128361820E1
3.892529458E0,-1.574227744E0,-2.350143028E0,-1.118880736E1,1.154083080E1
3.902489458E0,-5.599030584E-2,-1.627613115E0,-1.150092355E1,1.161565762E1
3.912449458E0,1.652436592E0,-9.327548575E-1,-1.146153320E1,1.161754370E1
3.922409458E0,3.511052440E0,-3.163735431E-1,-1.086918335E1,1.142657990E1
3.932369458E0,5.530025838E0,4.543923908E-1,-9.468246033E0,1.097430367E1
3.942329458E0,7.415716048E0,1.180322168E0,-7.699032943E0,1.075458568E1
3.952289458E0,9.057600755E0,1.798681303E0,-6.237226106E0,1.114353514E1
3.962249458E0,1.041437523E1,2.409398712E0,-4.952445477E0,1.178096472E1
3.972209458E0,1.169183865E1,2.821485913E0,-3.864053527E0,1.263292458E1
3.982170458E0,1.304772961E1,3.155992548E0,-2.944211075E0,1.374306791E1
3.992130458E0,1.440208275E1,3.553420195E0,-1.741271585E0,1.493582302E1
4.002090458E0,1.523920990E1,3.806150304E0,6.412056684E-3,1.570733394E1
4.012050458E0,1.529082210E1,3.758126830E0,1.781617373E0,1.584635347E1
4.022010458E0,1.450046098E1,3.352478875E0,3.308953371E0,1.524636533E1
4.031970458E0,1.319954788E1,2.701241723E0,4.938940163E0,1.434983976E1
4.041930458E0,1.158159408E1,1.961953252E0,6.706065797E0,1.352604526E1
4.051890458E0,9.964899759E0,1.251675740E0,8.177173800E0,1.295114245E1
4.061850458E0,8.435184529E0,4.788236658E-1,9.576217209E0,1.277049514E1
4.071810458E0,6.840652914E0,-2.417906995E-1,1.090671078E1,1.287669737E1
4.081770458E0,5.239922081E0,-1.054710234E0,1.179212658E1,1.294694738E1
4.091730458E0,3.633224748E0,-1.885861242E0,1.221833715E1,1.288582777E1
4.101690458E0,2.064391061E0,-2.674623443E0,1.256259548E1,1.300900174E1
4.111650458E0,6.809269738E-1,-3.384635930E0,1.285168065E1,1.330733322E1
4.121610458E0,-6.384796965E-1,-4.103772996E0,1.282925424E1,1.348474596E1
4.131570458E0,-1.883553346E0,-4.831615397E0,1.242258741E1,1.346153626E1
4.141530458E0,-3.427288152E0,-5.656642030E0,1.158905395E1,1.334354056E1
4.151490458E0,-5.242221791E0,-6.459203369E0,1.041534353E1,1.332972536E1
4.161450458E0,-6.618415450E0,-7.016944127E0,9.144544174E0,1.329148660E1
4.171410458E0,-7.397675049E0,-7.361968442E0,7.995057006E0,1.314705716E1
4.181370458E0,-7.729893962E0,-7.518345208E0,6.833012942E0,1.276584667E1
4.191330458E0,-7.819796072E0,-7.561854925E0,5.565657016E0,1.221914066E1
4.201290458E0,-7.965820928E0,-7.649541525E0,4.097686629E0,1.177967845E1
4.211250458E0,-8.034197683E0,-7.642717824E0,2.551188136E0,1.137840187E1
4.221210458E0,-7.990760472E0,-7.620013086E0,9.901686680E-1,1.108590485E1
4.231170458E0,-7.776449493E0,-7.505366728E0,-5.807267475E-1,1.082316682E1
4.241130458E0,-7.669639574E0,-7.324231097E0,-1.959715376E0,1.078462872E1
4.251090458E0,-7.613139099E0,-7.156974417E0,-3.181723806E0,1.092270736E1
4.261050458E0,-7.516646007E0,-6.928359979E0,-4.356286758E0,1.111212732E1
4.271010458E0,-7.456482836E0,-6.667659531E0,-5.378493490E0,1.135715687E1
4.280970458E0,-7.345630152E0,-6.427343645E0,-6.235708169E0,1.158244728E1
4.290931458E0,-7.152316525E0,-6.281390710E0,-6.853022699E0,1.172925492E1
4.300891458E0,-6.902586038E0,-6.153306867E0,-7.214604574E0,1.172857189E1
4.310851458E0,-6.509461357E0,-5.946953949E0,-7.605024333E0,1.164369974E1
4.320811458E0,-5.847320902E0,-5.530093666E0,-8.034964253E0,1.137249965E1
4.330771458E0,-4.946953772E0,-4.953298586E0,-8.533847523E0,1.103784726E1
4.340731458E0,-3.693317461E0,-4.261722663E0,-9.077039824E0,1.068623067E1
4.350691458E0,-2.301203003E0,-3.498780888E0,-9.857070086E0,1.070975414E1
4.360651458E0,-9.600157464E-1,-2.897908144E0,-1.065568748E1,1.108436635E1
4.370611458E0,3.108786222E-1,-2.491537766E0,-1.099429389E1,1.127736246E1
4.380571458E0,1.726961110E0,-1.989456361E0,-1.067825539E1,1.099843032E1
4.390531458E0,3.271449330E0,-1.414736458E0,-9.593855335E0,1.023454543E1
4.400491458E0,4.902089841E0,-8.488113526E-1,-8.279770800E0,9.659480836E0
4.410451458E0,6.567401417E0,-1.716520321E-1,-7.038377096E0,9.628030844E0
4.420411458E0,8.261982985E0,6.072298372E-1,-5.778031397E0,1.010023454E1
4.430371458E0,1.011821375E1,1.369230795E0,-4.628190472E0,1.121040542E1
4.440331458E0,1.192323636E1,2.204383929E0,-3.693682035E0,1.267541561E1
4.450291458E0,1.341914942E1,2.805804557E0,-2.789532341E0,1.399026809E1
4.460251458E0,1.427847027E1,3.171601691E0,-1.809968768E0,1.473803777E1
4.470211458E0,1.474909161E1,3.585771085E0,-7.121201152E-1,1.519541288E1
4.480171458E0,1.475216256E1,3.789057139E0,4.175485003E-1,1.523671884E1
4.490131458E0,1.407654720E1,3.618515493E0,1.636710505E0,1.462606088E1
4.500091458E0,1.299753711E1,3.420684307E0,2.907500501E0,1.375102219E1
4.510051458E0,1.191872933E1,3.123406016E0,4.022428286E0,1.296116134E1
4.520011833E0,1.084606814E1,2.632363569E0,5.035159020E0,1.224415609E1
4.529971833E0,9.807458215E0,2.127392909E0,5.957548519E0,1.167066500E1
4.539931833E0,8.696152781E0,1.749664971E0,6.989422452E0,1.129320269E1
4.549891833E0,7.475326073E0,1.341770808E0,8.003726088E0,1.103360685E1
4.559851833E0,6.237999108E0,7.804705578E-1,8.841884106E0,1.084899450E1
4.569811833E0,5.037817749E0,7.390018120E-2,9.873475034E0,1.108470018E1
4.579771833E0,3.877927215E0,-8.454566588E-1,1.099853546E1,1.169277122E1
4.589731833E0,2.709013842E0,-1.859155253E0,1.187570201E1,1.232183072E1
4.599691833E0,1.589932780E0,-2.929314709E0,1.242715525E1,1.286634986E1
4.609652833E0,3.286661446E-1,-3.984754091E0,1.274955435E1,1.336178966E1
4.619612833E0,-1.102412404E0,-4.994472924E0,1.273221736E1,1.372113085E1
4.629572833E0,-2.733028357E0,-5.952971903E0,1.209596662E1,1.375571616E1
4.639532833E0,-4.215508025E0,-6.615584228E0,1.110482147E1,1.359608482E1
4.649492833E0,-5.380313144E0,-7.044169933E0,9.880676465E0,1.327387912E1
4.659452833E0,-6.128859658E0,-7.264453257E0,8.411847707E0,1.269229623E1
4.669412833E0,-6.518587106E0,-7.255118762E0,6.907731003E0,1.195179793E1
4.679372833E0,-6.819957279E0,-7.208928682E0,5.380703153E0,1.128859763E1
4.689332833E0,-7.059808896E0,-7.184550471E0,3.683921278E0,1.072520131E1
4.699292833E0,-7.256668274E0,-7.104669319E0,2.068906866E0,1.036416597E1
4.709252833E0,-7.532817652E0,-7.076636013E0,7.492160207E-1,1.036259831E1
4.719212833E0,-7.797124663E0,-7.011344249E0,-2.957322872E-1,1.049006953E1
4.729172833E0,-8.097111969E0,-6.987790495E0,-1.211345447E0,1.076381884E1
4.739132833E0,-8.337719631E0,-6.999973753E0,-2.148380467E0,1.109651927E1
4.749092833E0,-8.538427062E0,-6.960964639E0,-3.005151926E0,1.141887488E1
4.759052833E0,-8.689038473E0,-6.997199834E0,-3.921014178E0,1.182516585E1
4.769012833E0,-8.722436600E0,-6.904140812E0,-4.921124867E0,1.216410829E1
4.778972833E0,-8.568736104E0,-6.698912898E0,-5.897090063E0,1.237232168E1
4.788932833E0,-8.318018607E0,-6.524375850E0,-6.588051444E0,1.245629703E1
4.798892833E0,-7.839980661E0,-6.383604133E0,-7.112973534E0,1.236163788E1
4.808852833E0,-7.262687398E0,-6.274509122E0,-7.650468893E0,1.227378374E1
4.818812833E0,-6.619255695E0,-6.084507943E0,-8.245762224E0,1.219952366E1
4.828772833E0,-5.684808653E0,-5.684921504E0,-8.811333573E0,1.192790767E1
4.838732833E0,-4.514494872E0,-5.105466526E0,-9.322849168E0,1.154824528E1
4.848692833E0,-3.203923052E0,-4.585926797E0,-9.806180599E0,1.128968669E1
4.858652833E0,-1.767124757E0,-4.078439350E0,-1.018594088E1,1.111349581E1
4.868612833E0,-1.927750987E-1,-3.494610069E0,-1.040858181E1,1.098125844E1
4.878572833E0,1.604506381E0,-2.746997355E0,-1.048523880E1,1.095721990E1
4.888532833E0,3.394802191E0,-1.890766763E0,-1.020862457E1,1.092317246E1
4.898492833E0,5.120502056E0,-9.952817658E-1,-9.415452107E0,1.076386852E1
4.908452833E0,7.035897292E0,1.307788253E-2,-8.339335216E0,1.091093642E1
4.918413833E0,9.056960485E0,1.056987725E0,-7.238805031E0,1.164242477E1
4.928373833E0,1.096465903E1,1.891293305E0,-6.174096057E0,1.272478684E1
4.938333833E0,1.250812984E1,2.641458036E0,-5.021379472E0,1.373480485E1
4.948293833E0,1.403009926E1,3.294273936E0,-4.149919222E0,1.499725827E1
4.958253833E0,1.499139555E1,3.699809040E0,-3.274205123E0,1.578451604E1
4.968213833E0,1.508161808E1,3.815280147E0,-2.211611672E0,1.571314077E1
4.978173833E0,1.479029577E1,4.087126265E0,-9.300341481E-1,1.537278158E1
4.988133833E0,1.468458161E1,4.460199674E0,7.121429193E-1,1.536351086E1
4.998093833E0,1.489008786E1,4.487092773E0,2.444974049E0,1.574250984E1
5.008053833E0,1.479630203E1,4.298394645E0,4.341530140E0,1.600798657E1
5.018013833E0,1.454834500E1,3.591989014E0,6.400079248E0,1.629471514E1
5.027973833E0,1.389182664E1,2.624764236E0,8.514097382E0,1.650339629E1
5.037933833E0,1.265411376E1,1.534124177E0,1.053432969E1,1.653639120E1
5.047893833E0,1.100839153E1,4.531998512E-1,1.239366240E1,1.658291114E1
5.057853833E0,9.114108247E0,-6.261154667E-1,1.363406150E1,1.641178304E1
5.067813833E0,6.943304293E0,-1.798487321E0,1.394830256E1,1.568436085E1
5.077773833E0,4.756660232E0,-3.013423398E0,1.344441407E1,1.457596676E1
5.087733833E0,2.518898057E0,-4.210510994E0,1.257612594E1,1.349934050E1
5.097693833E0,8.095294654E-2,-5.380485052E0,1.149955062E1,1.269629227E1
5.107653833E0,-2.500084641E0,-6.577562124E0,1.034030738E1,1.250746590E1
5.117613833E0,-4.691059150E0,-7.588251010E0,9.466966077E0,1.300811424E1
5.127573833E0,-6.338605131E0,-8.275504087E0,9.018847749E0,1.378410308E1
5.137533833E0,-7.737594745E0,-8.768627264E0,8.627249191E0,1.453233034E1
5.147493833E0,-9.051577538E0,-9.167376966E0,7.972925295E0,1.515055755E1
5.157453833E0,-9.922774079E0,-9.422379888E0,7.184058720E0,1.545488233E1
5.167413833E0,-1.031829495E1,-9.434671320E0,6.335294437E0,1.534979443E1
5.177373833E0,-1.040287843E1,-9.364614660E0,5.239003483E0,1.494533522E1
5.187333833E0,-1.023239935E1,-9.262632203E0,3.968561397E0,1.436133111E1
5.197293833E0,-9.978392794E0,-9.122448716E0,2.427143549E0,1.373602632E1
5.207253833E0,-9.701963335E0,-8.919292470E0,6.332347441E-1,1.319404627E1
5.217213833E0,-9.302900223E0,-8.584338230E0,-1.171504859E0,1.271248359E1
5.227173833E0,-8.815318451E0,-8.101738286E0,-2.799092538E0,1.229564645E1
5.237133833E0,-8.372507640E0,-7.622205791E0,-4.206061263E0,1.207840456E1
5.247094833E0,-7.993289393E0,-7.277550436E0,-5.237448124E0,1.201192235E1
5.257054833E0,-7.599706290E0,-7.049813080E0,-5.910159760E0,1.193253488E1
5.267014833E0,-7.206013845E0,-6.715945253E0,-6.496650692E0,1.179987400E1
5.276974833E0,-6.778826795E0,-6.412786417E0,-7.155386313E0,1.175907631E1
5.286934833E0,-6.360548562E0,-5.934863661E0,-7.963606002E0,1.179399022E1
5.296894833E0,-5.738530532E0,-5.419854940E0,-8.841390016E0,1.185224610E1
5.306854833E0,-4.851181935E0,-4.838556919E0,-9.610749695E0,1.180305507E1
5.316814833E0,-3.878651685E0,-4.186229262E0,-1.032558058E1,1.179771455E1
5.326774833E0,-2.718924288E0,-3.488675146E0,-1.102315224E1,1.187742770E1
5.336734833E0,-9.949628001E-1,-2.572467324E0,-1.174252115E1,1.206210355E1
5.346694833E0,8.469762039E-1,-1.539284198E0,-1.258684271E1,1.270886990E1
5.356654833E0,2.703220421E0,-6.021643943E-1,-1.288153537E1,1.317588540E1
5.366614833E0,4.872971876E0,3.900057757E-1,-1.236678626E1,1.329794577E1
5.376574833E0,7.245049857E0,1.430896701E0,-1.104090906E1,1.328306763E1
5.386534833E0,9.822989005E0,2.348411960E0,-9.386860977E0,1.378837593E1
5.396494833E0,1.212339474E1,3.021993954E0,-7.286432941E0,1.446379108E1
5.406454833E0,1.387236711E1,3.471789264E0,-4.839045746E0,1.509676302E1
5.416414833E0,1.483682440E1,3.671049802E0,-2.936599170E0,1.556379066E1
5.426374833E0,1.486272756E1,3.486867186E0,-2.202063754E0,1.542426654E1
5.436334833E0,1.453911108E1,3.284803493E0,-1.809070635E0,1.501493994E1
5.446294833E0,1.427458304E1,3.039124249E0,-6.389603376E-1,1.460849984E1
5.456254833E0,1.379672753E1,2.780102244E0,1.204089053E0,1.412545537E1
5.466214833E0,1.309351331E1,2.493030852E0,3.045632785E0,1.367227752E1
5.476174833E0,1.247203614E1,2.265816238E0,4.702430230E0,1.352029803E1
5.486134833E0,1.206864375E1,2.285294483E0,6.572735247E0,1.393110123E1
5.496094833E0,1.141907890E1,2.307908297E0,8.413242268E0,1.437026267E1
5.506054833E0,1.062753196E1,2.061247890E0,9.715434735E0,1.454588776E1
5.516014833E0,9.696934730E0,1.603156843E0,1.057406736E1,1.443646618E1
5.525974375E0,8.480957703E0,8.787909043E-1,1.096192604E1,1.388750300E1
5.535934375E0,7.057786928E0,-2.592947781E-2,1.101440597E1,1.308167297E1
5.545894375E0,5.419870142E0,-1.075661978E0,1.101325407E1,1.232168033E1
5.555854375E0,3.737670053E0,-2.114244714E0,1.092802973E1,1.174146677E1
5.565814375E0,2.000529526E0,-3.170931015E0,1.074980309E1,1.138486664E1
5.575775375E0,1.922663909E-1,-4.261665945E0,1.053813856E1,1.136886658E1
5.585735375E0,-1.641317527E0,-5.264162883E0,1.023215377E1,1.162335170E1
5.595695375E0,-3.366384723E0,-6.155645753E0,9.666098269E0,1.194395146E1
5.605655375E0,-4.759941689E0,-6.748445832E0,9.146611750E0,1.232311132E1
5.615615375E0,-5.912400997E0,-7.175740471E0,8.561722954E0,1.263925776E1
5.625575375E0,-6.915266894E0,-7.615956872E0,7.635594746E0,1.281116788E1
5.635535375E0,-7.798732063E0,-8.018719518E0,6.584941894E0,1.298004408E1
5.645495375E0,-8.468254627E0,-8.291124339E0,5.680273553E0,1.314228241E1
5.655455375E0,-9.013467141E0,-8.480917942E0,4.752614543E0,1.325729626E1
5.665415375E0,-9.397203532E0,-8.590807589E0,3.628254030E0,1.323909501E1
5.675375375E0,-9.597989316E0,-8.556249960E0,2.304264897E0,1.306294182E1
5.685335375E0,-9.577402439E0,-8.454840530E0,8.680729580E-1,1.280486300E1
5.695295375E0,-9.418747598E0,-8.191701207E0,-5.624226236E-1,1.249532289E1
5.705255375E0,-9.193209965E0,-7.971232526E0,-1.798015305E0,1.229993969E1
5.715215375E0,-8.945385670E0,-7.745708926E0,-2.810278262E0,1.216197334E1
5.725175375E0,-8.497093679E0,-7.513730586E0,-3.704647903E0,1.193235787E1
5.735135375E0,-7.863160193E0,-7.305379089E0,-4.645125763E0,1.169508637E1
5.745095375E0,-7.208739817E0,-7.054180951E0,-5.727989171E0,1.159901972E1
5.755055375E0,-6.665520034E0,-6.713297634E0,-6.753042328E0,1.162330001E1
5.765015375E0,-6.273989305E0,-6.382361600E0,-7.554520762E0,1.171188564E1
5.774975375E0,-5.884849502E0,-6.082129295E0,-8.311134095E0,1.186164830E1
5.784935375E0,-5.300820247E0,-5.756125973E0,-8.879518540E0,1.183543540E1
5.794895375E0,-4.563713810E0,-5.280388906E0,-9.251693231E0,1.158895243E1
5.804855375E0,-3.564086686E0,-4.772358252E0,-9.631326631E0,1.132433529E1
5.814815375E0,-2.178277280E0,-4.171849204E0,-1.008147453E1,1.112588632E1
5.824775375E0,-4.586099875E-1,-3.374142809E0,-1.043178823E1,1.097348480E1
5.834735375E0,1.750716008E0,-2.268082327E0,-1.074808986E1,1.112342751E1
5.844695375E0,4.203860371E0,-1.094443234E0,-1.089332651E1,1.172752363E1
5.854655375E0,6.490909896E0,1.528248748E-1,-1.059634526E1,1.242730057E1
5.864615375E0,8.758461880E0,1.356763362E0,-9.940323912E0,1.331771380E1
5.874575375E0,1.121692429E1,2.361811147E0,-9.101265423E0,1.463661760E1
5.884535375E0,1.347152410E1,3.213216909E0,-7.854815047E0,1.592183545E1
5.894495375E0,1.521699282E1,3.626925543E0,-6.102717342E0,1.679150435E1
5.904455375E0,1.635045920E1,3.939177384E0,-4.125332265E0,1.731684154E1
5.914416375E0,1.662924509E1,3.859160284E0,-2.169670764E0,1.720849736E1
5.924376375E0,1.603509547E1,3.573178229E0,-1.976657099E-1,1.642957581E1
5.934336375E0,1.513083293E1,3.342037794E0,1.635494285E0,1.558159694E1
5.944296375E0,1.417967922E1,3.312549993E0,3.349595613E0,1.494175629E1
5.954256375E0,1.321815489E1,3.316249234E0,4.969594191E0,1.450565387E1
5.964216375E0,1.204921930E1,3.195069491E0,6.321372217E0,1.397683446E1
5.974176375E0,1.090922509E1,3.046183300E0,7.449512955E0,1.355675728E1
5.984136375E0,9.866855986E0,2.734391635E0,8.480184116E0,1.329455781E1
5.994096375E0,8.630174553E0,2.139802017E0,9.454198097E0,1.297846397E1
6.004056375E0,7.268597179E0,1.410297837E0,1.031391655E1,1.269639002E1
6.014016375E0,6.027134478E0,5.750447157E-1,1.105625449E1,1.260546667E1
6.023976375E0,4.885393701E0,-3.164808396E-1,1.153086597E1,1.252709471E1
6.033936375E0,3.628914766E0,-1.357308907E0,1.171241617E1,1.233661227E1
6.043896375E0,2.241126078E0,-2.374143217E0,1.157756885E1,1.202910232E1
6.053856375E0,8.117976004E-1,-3.409233997E0,1.121832528E1,1.175298744E1
6.063816375E0,-6.853480536E-1,-4.284625914E0,1.079282573E1,1.163240339E1
6.073776375E0,-2.217386382E0,-5.193139678E0,1.002134644E1,1.150273387E1
6.083736375E0,-3.722920452E0,-6.011059313E0,9.073664811E0,1.150323276E1
6.093696375E0,-5.330925806E0,-6.766814275E0,7.942633209E0,1.171725086E1
6.103656375E0,-6.286405283E0,-7.183258821E0,6.871775304E0,1.176177684E1
6.113616375E0,-6.942597950E0,-7.446843701E0,6.103921283E0,1.187067826E1
6.123576375E0,-7.559791442E0,-7.700816343E0,5.373805777E0,1.205532279E1
6.133536375E0,-8.206356668E0,-7.943569933E0,4.462518972E0,1.226208256E1
6.143496375E0,-8.749482311E0,-8.125165740E0,3.414673369E0,1.241900774E1
6.153456375E0,-9.117777375E0,-8.215661343E0,2.283610193E0,1.248382277E1
6.163416375E0,-9.290090142E0,-8.240654681E0,1.155890454E0,1.247197848E1
6.173376375E0,-9.299412943E0,-8.250177457E0,5.748982430E-3,1.243159452E1
6.183336375E0,-9.162980445E0,-8.157742918E0,-1.276248372E0,1.233441486E1
6.193296375E0,-8.910370789E0,-7.928637899E0,-2.688764935E0,1.222650659E1
6.203256375E0,-8.535626830E0,-7.612122853E0,-3.966432425E0,1.210511982E1
6.213216375E0,-8.027711366E0,-7.272497857E0,-5.077671787E0,1.196311521E1
6.223176375E0,-7.461240131E0,-6.919558166E0,-5.947365593E0,1.178649850E1
6.233136375E0,-6.980984920E0,-6.542807443E0,-6.602657204E0,1.162486825E1
6.243096375E0,-6.641876818E0,-6.178306053E0,-7.163850158E0,1.155883828E1
6.253056375E0,-6.124770116E0,-5.795443236E0,-7.610380383E0,1.135860294E1
6.263017375E0,-5.362671509E0,-5.328219715E0,-7.952268836E0,1.097208962E1
6.272977375E0,-4.412791327E0,-4.865560530E0,-8.239982836E0,1.053772858E1
6.282937375E0,-3.421799371E0,-4.524352108E0,-8.529948599E0,1.024394924E1
6.292897375E0,-2.150345716E0,-4.046202480E0,-8.828331429E0,9.946616361E0
6.302857375E0,-6.603096914E-1,-3.466448125E0,-9.078879358E0,9.740550389E0
6.312817375E0,8.022444195E-1,-2.831842793E0,-9.046526713E0,9.513284148E0
6.322777375E0,2.491772824E0,-1.908216024E0,-8.648270516E0,9.200152343E0
6.332737375E0,4.308455365E0,-9.129479992E-1,-8.065560978E0,9.189642842E0
6.342697375E0,6.330169353E0,3.991455585E-2,-7.462335899E0,9.785657580E0
6.352657375E0,8.509869846E0,1.011100531E0,-6.801145032E0,1.094055679E1
6.362617375E0,1.062699753E1,2.092463543E0,-6.186123195E0,1.247315519E1
6.372577375E0,1.277833435E1,3.029959908E0,-5.873912870E0,1.438642896E1
6.382537375E0,1.463199994E1,3.782815236E0,-5.697156218E0,1.615124461E1
6.392497375E0,1.586097358E1,4.320346847E0,-4.926287958E0,1.716112446E1
6.402457375E0,1.614702872E1,4.466445085E0,-3.523231605E0,1.711983730E1
6.412417375E0,1.555594305E1,4.391378823E0,-1.627337419E0,1.624560861E1
6.422377375E0,1.443526219E1,4.111025005E0,4.068001485E-1,1.501475299E1
6.432337375E0,1.305882061E1,3.919804974E0,2.147943095E0,1.380258404E1
6.442297375E0,1.124376067E1,3.607959807E0,2.959979846E0,1.217378366E1
6.452257375E0,9.448267851E0,3.234442887E0,2.828339142E0,1.037934914E1
6.462217375E0,7.998095804E0,3.066703227E0,2.855905255E0,9.029418586E0
6.472177375E0,6.904309797E0,2.854548701E0,3.314467295E0,8.173349100E0
6.482137375E0,6.288070570E0,2.661670984E0,4.172170801E0,8.001958080E0
6.492097375E0,6.133796462E0,2.212205457E0,5.458276409E0,8.503534170E0
6.502057375E0,6.346204757E0,1.523962154E0,7.045579696E0,9.604007951E0
6.512017375E0,6.586371539E0,7.579304186E-1,9.180065424E0,1.132379573E1
6.521977250E0,6.404232525E0,-1.638246569E-1,1.141573897E1,1.309045947E1
6.531937250E0,5.791665350E0,-1.206076521E0,1.323399968E1,1.449609449E1
6.541897250E0,4.565837519E0,-2.447378424E0,1.431646665E1,1.522490560E1
6.551857250E0,2.750211570E0,-3.800484060E0,1.423831042E1,1.499122498E1
6.561817250E0,9.707120579E-1,-5.109195296E0,1.322923887E1,1.421474304E1
6.571777250E0,-7.390284169E-1,-6.165801782E0,1.188959031E1,1.341363606E1
6.581737250E0,-2.562493728E0,-7.101138185E0,1.035111771E1,1.281164218E1
6.591697250E0,-4.219011676E0,-7.838645157E0,8.731900903E0,1.246958343E1
6.601657250E0,-5.622302502E0,-8.342340685E0,7.275839540E0,1.241542486E1
6.611618250E0,-6.763628712E0,-8.562511743E0,6.164800739E0,1.253267924E1
6.621578250E0,-7.626240370E0,-8.650140456E0,5.301285685E0,1.269204877E1
6.631538250E0,-8.297434654E0,-8.720511696E0,4.425296182E0,1.282489736E1
6.641498250E0,-8.710529330E0,-8.774562773E0,3.334907407E0,1.280577528E1
6.651458250E0,-8.824726036E0,-8.775143402E0,2.225870692E0,1.264252473E1
6.661418250E0,-8.754320297E0,-8.655511708E0,1.062868854E0,1.235660540E1
6.671378250E0,-8.682095490E0,-8.477464576E0,-2.563372564E-1,1.213721123E1
6.681338250E0,-8.641480730E0,-8.289028696E0,-1.466344861E0,1.206372054E1
6.691298250E0,-8.490627828E0,-8.012933698E0,-2.592155483E0,1.195897727E1
6.701258250E0,-8.236855745E0,-7.701177117E0,-3.772593133E0,1.189060051E1
6.711218250E0,-8.004527156E0,-7.382873992E0,-4.868602837E0,1.192822606E1
6.721178250E0,-7.818898525E0,-7.135902806E0,-5.747889585E0,1.204551857E1
6.731138250E0,-7.648108957E0,-6.871799278E0,-6.569881806E0,1.220157952E1
6.741098250E0,-7.346294396E0,-6.527873654E0,-7.455450218E0,1.233551433E1
6.751058250E0,-6.899061336E0,-6.118715324E0,-8.250090918E0,1.237334735E1
6.761018250E0,-6.308687852E0,-5.740049638E0,-8.919935079E0,1.234151344E1
6.770978250E0,-5.495324952E0,-5.306744061E0,-9.362789159E0,1.208395422E1
6.780938250E0,-4.554410890E0,-4.830645052E0,-9.635475816E0,1.170128986E1
6.790898250E0,-3.413459487E0,-4.248087541E0,-9.876644225E0,1.128033929E1
6.800858250E0,-1.792472144E0,-3.507770398E0,-1.017508611E1,1.091099386E1
6.810818250E0,1.478246284E-1,-2.552024288E0,-1.045464383E1,1.076263247E1
6.820778250E0,2.283211997E0,-1.552381961E0,-1.078019692E1,1.112814416E1
6.830738250E0,4.504909531E0,-6.238476241E-1,-1.079312862E1,1.171217406E1
6.840698250E0,6.780065235E0,2.822959703E-1,-1.017953000E1,1.223404294E1
6.850658250E0,8.889336015E0,1.132386694E0,-9.011130593E0,1.270838577E1
6.860618250E0,1.081308049E1,2.022977864E0,-7.574489003E0,1.335619829E1
6.870578250E0,1.237181954E1,2.665516697E0,-6.283620254E0,1.412978349E1
6.880538250E0,1.345276857E1,3.248072162E0,-5.103984257E0,1.475051221E1
6.890498250E0,1.394695887E1,3.340116399E0,-3.988958239E0,1.488575920E1
6.900458250E0,1.424330979E1,3.263206510E0,-2.870697541E0,1.489165185E1
6.910418250E0,1.457871544E1,3.246672923E0,-1.289940212E0,1.499145672E1
6.920378250E0,1.478167229E1,3.177138712E0,6.856363213E-1,1.513479908E1
6.930338250E0,1.460154998E1,3.349955509E0,2.885470532E0,1.525625786E1
6.940298250E0,1.436829286E1,3.572763077E0,5.017013941E0,1.563275102E1
6.950258250E0,1.396439293E1,3.825844603E0,7.026629455E0,1.609393918E1
6.960219250E0,1.319282359E1,3.742135279E0,8.637571281E0,1.620684449E1
6.970179250E0,1.191295111E1,3.240695314E0,9.771473866E0,1.574491066E1
6.980139250E0,1.004030428E1,2.215657068E0,1.040946357E1,1.463126030E1
6.990099250E0,7.796349907E0,1.054498858E0,1.072708666E1,1.330283533E1
7.000059250E0,5.438861899E0,-8.617801845E-2,1.060576980E1,1.191935394E1
7.010019250E0,3.319588287E0,-1.180790237E0,9.979987915E0,1.058367095E1
7.019979250E0,1.439392120E0,-2.210333471E0,9.326289670E0,9.692115493E0
7.029939250E0,-2.135543489E-1,-3.092308184E0,8.983149912E0,9.502892071E0
7.039899250E0,-1.671247085E0,-3.781017802E0,8.850081317E0,9.767963030E0
7.049859250E0,-2.788852894E0,-4.417986578E0,8.682682550E0,1.013337467E1
7.059819250E0,-3.661681978E0,-4.832446871E0,8.333507296E0,1.030571693E1
7.069779250E0,-4.243126178E0,-5.241248814E0,7.686692979E0,1.022546125E1
7.079739250E0,-4.735051847E0,-5.578784015E0,6.803018480E0,9.991226527E0
7.089699250E0,-5.143088096E0,-5.955780321E0,5.773793920E0,9.760090708E0
7.099659250E0,-5.504679912E0,-6.255825514E0,4.805179258E0,9.619074878E0
7.109619250E0,-5.942879609E0,-6.434940932E0,4.041919979E0,9.646937336E0
7.119579250E0,-6.468092306E0,-6.678538860E0,3.273366632E0,9.856674312E0
7.129539250E0,-6.806037397E0,-6.770917266E0,2.546125032E0,9.932281629E0
7.139499250E0,-7.061757188E0,-6.732425045E0,1.906893969E0,9.941338249E0
7.149459250E0,-7.425205495E0,-6.754308835E0,9.933729422E-1,1.008668203E1
7.159419250E0,-7.533466108E0,-6.641668072E0,1.553102338E-1,1.004435103E1
7.169379250E0,-7.508738233E0,-6.521664496E0,-4.673521596E-1,9.956489125E0
7.179339250E0,-7.446928486E0,-6.373695441E0,-1.103953146E0,9.864048357E0
7.189299250E0,-7.313413163E0,-6.195680469E0,-1.837950034E0,9.759637744E0
7.199259250E0,-7.207180949E0,-6.008135705E0,-2.657016308E0,9.751968393E0
7.209219250E0,-6.999508899E0,-5.859966676E0,-3.512508981E0,9.781106973E0
7.219179250E0,-6.489873185E0,-5.671716152E0,-4.414992803E0,9.683954746E0
7.229139250E0,-6.134173608E0,-5.392111655E0,-5.386337530E0,9.783434261E0
7.239099250E0,-5.901098329E0,-5.135004905E0,-6.238960390E0,1.000579150E1
7.249059250E0,-5.680527322E0,-4.843127688E0,-6.991920383E0,1.022796300E1
7.259019250E0,-5.334655160E0,-4.571386526E0,-7.627690480E0,1.037004255E1
7.268979250E0,-4.508648826E0,-4.233153752E0,-8.115920123E0,1.020370836E1
7.278939250E0,-3.313388484E0,-3.935184320E0,-8.615139023E0,1.003418354E1
7.288899250E0,-1.707470586E0,-3.268372525E0,-8.998353842E0,9.724612416E0
7.298859250E0,1.046359241E-2,-2.487257019E0,-9.328749009E0,9.654642150E0
7.308819250E0,1.631124076E0,-1.715069627E0,-9.817711308E0,1.009898435E1
7.318780250E0,3.188681408E0,-8.569918996E-1,-1.011961241E1,1.064465497E1
7.328740250E0,4.739557126E0,-1.061278412E-1,-1.008286149E1,1.114175752E1
7.338700250E0,6.639587633E0,6.680408800E-1,-9.698899979E0,1.177281034E1
7.348660250E0,8.546734786E0,1.648796116E0,-8.829938244E0,1.239891179E1
7.358620250E0,1.012469481E1,2.254753891E0,-7.754217795E0,1.295072406E1
7.368580250E0,1.117955590E1,2.816988234E0,-6.685578908E0,1.332722245E1
7.378540250E0,1.185394335E1,3.170081122E0,-5.829765222E0,1.358497515E1
7.388500250E0,1.234968666E1,3.367224383E0,-4.909615792E0,1.370975156E1
7.398460250E0,1.246093930E1,3.433819200E0,-3.705272970E0,1.344600945E1
7.408420250E0,1.245269355E1,3.175526049E0,-2.753934492E0,1.314297141E1
7.418380250E0,1.224598980E1,2.855180493E0,-1.482111878E0,1.266147612E1
7.428340250E0,1.164514395E1,2.388213372E0,4.528832245E-1,1.189613568E1
7.438300250E0,1.075194200E1,1.855223878E0,2.604221213E0,1.121731165E1
7.448260250E0,9.592667180E0,1.295142187E0,4.593842173E0,1.071447819E1
7.458220250E0,8.438586439E0,6.738690922E-1,5.948763077E0,1.034657541E1
7.468180250E0,7.581221488E0,7.374040604E-2,6.603710872E0,1.005432017E1
7.478140250E0,6.689822232E0,-3.384774801E-1,7.119056978E0,9.774930217E0
7.488100250E0,5.544538043E0,-7.620667389E-1,7.813502714E0,9.611111927E0
7.498060250E0,4.355751738E0,-1.160967884E0,8.628439685E0,9.735008527E0
7.508020250E0,3.359649900E0,-1.550849698E0,9.294215938E0,1.000374091E1
7.517980250E0,2.296572885E0,-2.055013881E0,9.496099829E0,9.983648683E0
7.527939750E0,1.320165054E0,-2.544519679E0,9.333333811E0,9.763633350E0
7.537899750E0,3.139761847E-1,-2.889224444E0,8.997520030E0,9.455240114E0
7.547859750E0,-7.474495769E-1,-3.175975700E0,8.438919146E0,9.047699093E0
7.557819750E0,-1.835949116E0,-3.389906610E0,7.627566519E0,8.546458154E0
7.567779750E0,-2.581002504E0,-3.525850281E0,6.607457768E0,7.921596574E0
7.577739750E0,-2.995867133E0,-3.570223631E0,5.609360860E0,7.292917517E0
7.587699750E0,-3.155734686E0,-3.607036824E0,4.633681008E0,6.666361507E0
7.597659750E0,-3.203283074E0,-3.641168483E0,3.755712807E0,6.133882055E0
7.607619750E0,-3.346328773E0,-3.687619349E0,3.099126037E0,5.865239545E0
7.617579750E0,-3.485314166E0,-3.668912060E0,2.479391345E0,5.635220668E0
7.627539750E0,-3.649258983E0,-3.565971243E0,1.788483174E0,5.406654612E0
7.637499750E0,-3.756206896E0,-3.442633877E0,1.146951231E0,5.222673203E0
7.647459750E0,-3.753889060E0,-3.282063780E0,5.787258303E-1,5.019815666E0
7.657419750E0,-3.617797455E0,-3.093767064E0,3.750228703E-2,4.760384385E0
7.667379750E0,-3.408312475E0,-2.892546832E0,-4.977243519E-1,4.497905139E0
7.677339750E0,-3.120416627E0,-2.670677742E0,-9.016500092E-1,4.205055560E0
7.687300750E0,-2.663553787E0,-2.383204063E0,-1.226955759E0,3.778835907E0
7.697260750E0,-2.114886738E0,-2.123432152E0,-1.446124020E0,3.327609457E0
7.707220750E0,-1.732730557E0,-1.791807316E0,-1.661625491E0,2.995651501E0
7.717180750E0,-1.402473385E0,-1.510679619E0,-2.010731748E0,2.879605298E0
7.727140750E0,-1.153934853E0,-1.216553562E0,-2.297487974E0,2.844295907E0
7.737100750E0,-1.012253602E0,-1.015248545E0,-2.487671002E0,2.871218204E0
7.747060750E0,-9.847392359E-1,-9.141349840E-1,-2.584071123E0,2.912520850E0
7.757020750E0,-1.051591914E0,-8.680367053E-1,-2.691234214E0,3.016964512E0
7.766980750E0,-1.075502933E0,-7.573617768E-1,-2.834845338E0,3.125164238E0
7.776940750E0,-7.475188664E-1,-9.480675459E-1,-2.839817226E0,3.085802716E0
7.786900750E0,-7.459491813E-1,-5.944267738E-1,-2.703882911E0,2.867187850E0
7.796860750E0,-1.015596455E0,1.109731364E-1,-2.724049957E0,2.909329711E0
7.806820750E0,-4.785896310E-1,-1.506991196E-1,-2.362988484E0,2.415672336E0
7.816780750E0,-3.657374918E-2,-2.952861446E-1,-1.852773895E0,1.876513429E0
7.826740750E0,1.662860423E-1,-2.270994240E-1,-1.502982345E0,1.529111220E0
7.836700750E0,2.184411594E-1,-1.824565172E-1,-1.356841714E0,1.386371652E0
7.846660750E0,2.885510293E-1,-1.886574894E-1,-1.237917534E0,1.285026523E0
7.856620750E0,3.970089859E-1,-1.940012598E-1,-1.077930112E0,1.164983241E0
7.866580750E0,4.305763891E-1,-1.854339194E-1,-9.998814780E-1,1.104329994E0
7.876540750E0,3.756099308E-1,-1.079138732E-1,-9.526137561E-1,1.029660717E0
7.886500750E0,3.441925487E-1,-1.541244185E-1,-9.573745590E-1,1.028974681E0
7.896460750E0,2.966956159E-1,-1.595553124E-1,-1.006277747E0,1.061169680E0
7.906420750E0,3.023834950E-1,-1.471399194E-1,-9.817773288E-1,1.037772932E0
7.916380750E0,4.330781204E-1,-1.380878448E-1,-7.529401124E-1,8.795133450E-1
7.926340750E0,5.951988986E-1,-7.785976946E-2,-4.489538956E-1,7.495888693E-1
7.936300750E0,6.975745815E-1,-6.103265226E-2,-1.711292911E-1,7.208470820E-1
7.946260750E0,7.144104695E-1,-1.044967604E-1,6.272191286E-2,7.247316264E-1
7.956220750E0,6.470859209E-1,-1.513364661E-1,2.994797677E-1,7.289108630E-1
7.966180750E0,5.645138803E-1,-1.812964296E-1,5.318323302E-1,7.964859973E-1
7.976140750E0,6.300889421E-1,-1.508037847E-1,5.879919130E-1,8.749219086E-1
7.986100750E0,7.561212900E-1,-2.548158109E-2,4.062967032E-1,8.587466025E-1
7.996060750E0,8.374870500E-1,1.471814346E-1,1.286516082E-1,8.599989360E-1
8.006020750E0,8.581496483E-1,2.924590158E-1,-2.128433275E-1,9.312654707E-1
8.015980750E0,9.982278854E-1,2.750308049E-1,-4.507150769E-1,1.129267433E0
8.025940750E0,9.938059285E-1,4.101909488E-1,-4.146938896E-1,1.152335828E0
8.035900750E0,1.313513993E0,4.852136493E-1,-4.867643309E-1,1.482461065E0
8.045860750E0,1.812807299E0,3.515474689E-1,-2.065739429E-1,1.858098146E0
8.055821750E0,1.097585528E0,4.741600728E-1,1.476199758E-1,1.204704704E0
8.065781750E0,9.315286964E-2,2.893541443E-1,-2.073574698E-1,3.679679310E-1
8.075741750E0,-2.153810191E-1,-2.284015989E-1,-1.001464319E-1,3.295232641E-1
8.085701750E0,-2.427378023E-1,-3.274142557E-1,2.187209487E-1,4.625587410E-1
8.095661750E0,-1.117730355E-1,-2.318257284E-1,3.196848214E-1,4.104080468E-1
8.105621750E0,4.128192723E-2,-1.605914390E-1,1.731161749E-1,2.397144506E-1
8.115581750E0,1.623100819E-1,-1.395566654E-1,-6.881061852E-2,2.248455620E-1
8.125541750E0,2.262350594E-1,-1.118519729E-1,-2.200394958E-1,3.348291290E-1
8.135501750E0,2.743849799E-1,-4.551180303E-2,-3.351132846E-1,4.354989724E-1
8.145461750E0,2.345595941E-1,5.301670432E-3,-4.254153442E-1,4.858235544E-1
8.155421750E0,2.496310848E-1,4.256188273E-3,-4.243838954E-1,4.923773800E-1
8.165381750E0,3.093302795E-1,1.904262722E-2,-3.952372795E-1,5.022552644E-1
8.175341750E0,3.530455256E-1,5.007906318E-2,-2.626744688E-1,4.428847844E-1
8.185301750E0,3.440463683E-1,6.309905827E-2,-1.457851195E-1,3.789494633E-1
8.195261750E0,2.419960830E-1,5.139059365E-2,-4.853013575E-2,2.521076583E-1
8.205221750E0,2.052495486E-1,6.909771681E-2,-9.568325222E-2,2.367639255E-1
8.215181750E0,2.821243545E-1,8.866074622E-2,-1.575918174E-1,3.350970908E-1
8.225141750E0,3.581442976E-1,1.594787139E-1,-1.336989248E-1,4.142175764E-1
8.235101750E0,3.551245031E-1,1.954028374E-1,-1.984661937E-2,4.058196272E-1
8.245061750E0,2.534738749E-1,1.646254331E-1,8.947000086E-2,3.152069472E-1
8.255021750E0,1.015681824E-1,1.115982038E-1,1.570421791E-1,2.177900383E-1
8.264981750E0,-3.316950023E-2,7.362697005E-2,1.434813166E-1,1.646451781E-1
8.274941750E0,-8.007498711E-2,3.480672061E-2,1.235206765E-1,1.512642353E-1
8.284901750E0,-5.927877992E-2,-2.427062273E-2,2.005559886E-1,2.105367935E-1
8.294861750E0,-5.676915497E-2,-4.039724350E-2,2.163984346E-1,2.273388589E-1
8.304821750E0,-1.099732625E-1,-4.386522710E-2,1.365582132E-1,1.807385466E-1
8.314781750E0,-7.482038677E-2,-5.761144638E-2,6.461348712E-2,1.144205915E-1
8.324741750E0,6.873460472E-2,5.213377476E-3,2.381395519E-2,7.292962122E-2
8.334701750E0,1.582142535E-1,4.795827806E-2,-1.153655648E-1,2.015960317E-1
8.344661750E0,2.185279906E-1,8.000803649E-2,-5.736837763E-1,6.190871051E-1
8.354621750E0,2.323142633E-1,7.826088846E-2,-3.014719141E-1,3.885614476E-1
8.364581750E0,9.774088740E-2,-1.179032564E-2,2.747021914E-2,1.022101061E-1
8.374541750E0,8.412827700E-2,-5.464632332E-2,1.273833472E-1,1.621428530E-1
8.384501750E0,6.779729605E-2,-7.714290082E-2,2.233501893E-1,2.458308515E-1
8.394461750E0,1.076033860E-2,-8.450688422E-2,3.429725271E-1,3.533940474E-1
8.404421750E0,1.881253928E-2,-7.109161735E-2,4.948036677E-1,5.002385423E-1
8.414381750E0,1.633752984E-1,-1.026554722E-1,8.031513226E-1,8.260034389E-1
8.424342750E0,7.447101563E-2,-8.012088776E-2,6.660376239E-1,6.749602990E-1
8.434302750E0,-2.929384875E-1,-1.323107958E-2,-8.831108272E-2,3.062464143E-1